id,"username","email","password_hash"
1,"bcongdon","bencongdon96@gmail.com","pbkdf2:sha1:1000$uZ6R49Xf$eba3f0a2a07ec66b5285c82a22ee99360f76f584"
2,"genevieve","genevieve.helsel@gmail.com","pbkdf2:sha1:1000$xp3PC6EB$cdfe7b011148eda15483b9fdef07501709158047"
3,"vette7192","vette7192@aol.com","pbkdf2:sha1:1000$teEsctdZ$07e71872c83ecf3c5402d2d74683ee60c369737d"
4,"patrick","phurtad2@illinois.edu","pbkdf2:sha1:1000$cmmYkwB7$bafecbb8d07a7b055b35fcea4d630ab8a1e1a0ee"
5,"someta","someta@uiuc.edu","pbkdf2:sha1:1000$rhQdqzVm$81dd9367d6685b710af25a9d61430a5763431ea7"
7,"asdfasdf","test@fake.com","pbkdf2:sha1:1000$Jbz8jWqN$e083e74a53f8a9fe81eba6b76d23d2bac3397cd6"
9,"fordemo","ghelsel2@illinois.edu","pbkdf2:sha1:1000$tsW6mTHa$9686342cffdcb37558d0648cebe116d4fa42c7bf"
